{
  "Abruzzo": {
    "Chieti": "CH",
    "L'Aquila": "AQ",
    "Pescara": "PE",
    "Teramo": "TE"
  },
  "Basilicata": {
    "Matera": "MT",
    "Potenza": "PZ"
  },
  "Calabria": {
    "Catanzaro": "CZ",
    "Cosenza": "CS",
    "Crotone": "KR",
    "Reggio Calabria": "RC",
    "Vibo Valentia": "VV"
  },
  "Campania": {
    "Avellino": "AV",
    "Benevento": "BN",
    "Caserta": "CE",
    "Napoli": "NA",
    "Salerno": "SA"
  },
  "Emilia-Romagna": {
    "Bologna": "BO",
    "Ferrara": "FE",
    "Forlì-Cesena": "FC",
    "Modena": "MO",
    "Parma": "PR",
    "Piacenza": "PC",
    "Ravenna": "RA",
    "Reggio Emilia": "RE",
    "Rimini": "RN"
  },
  "Friuli-Venezia Giulia": {
    "Gorizia": "GO",
    "Pordenone": "PN",
    "Trieste": "TS",
    "Udine": "UD"
  },
  "Lazio": {
    "Frosinone": "FR",
    "Latina": "LT",
    "Rieti": "RI",
    "Roma": "RM",
    "Viterbo": "VT"
  },
  "Liguria": {
    "Genova": "GE",
    "Imperia": "IM",
    "La Spezia": "SP",
    "Savona": "SV"
  },
  "Lombardia": {
    "Bergamo": "BG",
    "Brescia": "BS",
    "Como": "CO",
    "Cremona": "CR",
    "Lecco": "LC",
    "Lodi": "LO",
    "Mantova": "MN",
    "Milano": "MI",
    "Monza e Brianza": "MB",
    "Pavia": "PV",
    "Sondrio": "SO",
    "Varese": "VA"
  },
  "Marche": {
    "Ancona": "AN",
    "Ascoli Piceno": "AP",
    "Fermo": "FM",
    "Macerata": "MC",
    "Pesaro e Urbino": "PU"
  },
  "Molise": {
    "Campobasso": "CB",
    "Isernia": "IS"
  },
  "Piemonte": {
    "Alessandria": "AL",
    "Asti": "AT",
    "Biella": "BI",
    "Cuneo": "CN",
    "Novara": "NO",
    "Torino": "TO",
    "Verbano-Cusio-Ossola": "VB",
    "Vercelli": "VC"
  },
  "Puglia": {
    "Bari": "BA",
    "Barletta-Andria-Trani": "BT",
    "Brindisi": "BR",
    "Foggia": "FG",
    "Lecce": "LE",
    "Taranto": "TA"
  },
  "Sardegna": {
    "Cagliari": "CA",
    "Nuoro": "NU",
    "Oristano": "OR",
    "Sassari": "SS",
    "Sud Sardegna": "SU"
  },
  "Sicilia": {
    "Agrigento": "AG",
    "Caltanissetta": "CL",
    "Catania": "CT",
    "Enna": "EN",
    "Messina": "ME",
    "Palermo": "PA",
    "Ragusa": "RG",
    "Siracusa": "SR",
    "Trapani": "TP"
  },
  "Toscana": {
    "Arezzo": "AR",
    "Firenze": "FI",
    "Grosseto": "GR",
    "Livorno": "LI",
    "Lucca": "LU",
    "Massa-Carrara": "MS",
    "Pisa": "PI",
    "Pistoia": "PT",
    "Prato": "PO",
    "Siena": "SI"
  },
  "Trentino-Alto Adige": {
    "Bolzano": "BZ",
    "Trento": "TN"
  },
  "Umbria": {
    "Perugia": "PG",
    "Terni": "TR"
  },
  "Valle d'Aosta": {
    "Aosta": "AO"
  },
  "Veneto": {
    "Belluno": "BL",
    "Padova": "PD",
    "Rovigo": "RO",
    "Treviso": "TV",
    "Venezia": "VE",
    "Verona": "VR",
    "Vicenza": "VI"
  }
}